Country Name,Country Code,Indicator Name,Indicator Code,1960,2000,2001,2002,2003,2004,2005,2006,2007,2008,2009,2010,2011,2012,2013,2014,2015,2016,2017,2018,2019,2020,2021
Aruba,ABW,Current health expenditure per capita (current US$),SH.XPD.CHEX.PC.CD,,,,,,,,,,,,,,,,,,,,,,,
Africa Eastern and Southern,AFE,Current health expenditure per capita (current US$),SH.XPD.CHEX.PC.CD,,43.17952284,38.24037333,35.38939382,50.84605408,62.55920839,69.48528633,76.04112404,85.15194032,87.5461438,91.13722554,105.426618,113.6897139,110.5010137,108.3351447,101.8234393,93.7748478,88.74456591,92.93286295,92.96425087,89.94454603,81.49241798,92.28638645
Afghanistan,AFG,Current health expenditure per capita (current US$),SH.XPD.CHEX.PC.CD,,,,17.00758553,17.81492424,21.42946434,25.10707283,28.91982269,32.71720505,39.96989822,43.26076889,46.57987976,52.36304855,52.61354065,56.30554199,60.18957901,60.05854034,61.48645782,66.90921783,71.33430481,74.23410797,80.28805542,81.31976318
Africa Western and Central,AFW,Current health expenditure per capita (current US$),SH.XPD.CHEX.PC.CD,,19.93199106,20.59498325,21.77119905,33.46687526,37.91649987,43.39283474,49.90325954,53.89887877,62.09635135,56.65088033,60.18746741,67.17484644,69.60961819,77.14225,80.02705502,71.6926286,62.50616285,60.64952524,59.44377379,61.86688351,64.64604399,72.95963883
Angola,AGO,Current health expenditure per capita (current US$),SH.XPD.CHEX.PC.CD,,13.00008678,28.92523384,29.05480003,34.8696785,49.77629852,54.21235657,69.76922607,92.84111786,135.6315308,120.0315094,96.66415405,121.9136887,121.7957535,142.8861694,130.7423401,107.6435623,94.1061554,112.851471,83.89920044,64.65779114,55.05102158,64.16342163
Albania,ALB,Current health expenditure per capita (current US$),SH.XPD.CHEX.PC.CD,,65.1501236,73.78884125,78.99478149,106.2921829,138.1134033,152.1276245,166.8138275,212.6109619,240.4162598,239.4438629,255.3181915,274.776886,262.2885437,278.042511,295.1235962,255.3563538,277.0432129,297.4619751,351.3012085,367.7583923,396.880249,464.7428589
Andorra,AND,Current health expenditure per capita (current US$),SH.XPD.CHEX.PC.CD,,1287.002808,1336.211426,1486.171875,1772.713379,1990.074829,2214.646973,2139.275391,2489.431152,3046.362061,3025.308838,3698.80835,3913.987061,3013.514648,3041.841553,3089.843018,2688.206299,2755.448486,2873.296143,3164.388428,3026.597412,3269.297363,3505.991455
Arab World,ARB,Current health expenditure per capita (current US$),SH.XPD.CHEX.PC.CD,,111.4851642,114.4990904,113.6525831,109.9443193,120.5674745,134.2907217,154.0168799,180.181545,211.5216491,227.1975128,236.9910964,269.758126,293.361815,328.0384715,355.1657858,337.7537561,360.4705014,352.2453843,367.9762092,374.9589582,380.6515688,401.8634012
United Arab Emirates,ARE,Current health expenditure per capita (current US$),SH.XPD.CHEX.PC.CD,,753.0755005,743.0507202,821.3450928,862.9032593,911.3927612,978.9043579,1054.332886,1126.812378,1321.93689,1284.763184,1325.203247,1500.80249,1480.727417,1601.552856,1656.268921,1439.300537,1599.402954,1726.240723,1914.931763,1990.28479,2191.813477,2351.80542
Argentina,ARG,Current health expenditure per capita (current US$),SH.XPD.CHEX.PC.CD,,704.9459229,671.3685303,222.6475067,260.9826355,310.2199402,390.8044739,453.6393433,569.2883911,742.9046631,781.7780151,980.1362915,1202.563965,1361.991577,1415.210083,1280.614868,1525.053101,1258.307983,1494.83606,1216.106812,1016.230835,895.0846558,1044.772705
Armenia,ARM,Current health expenditure per capita (current US$),SH.XPD.CHEX.PC.CD,,25,31,58,65,71,94,123,168,260,246,290,325,333,396,409,371,366,419,439,549,552,613
American Samoa,ASM,Current health expenditure per capita (current US$),SH.XPD.CHEX.PC.CD,,,,,,,,,,,,,,,,,,,,,,,
Antigua and Barbuda,ATG,Current health expenditure per capita (current US$),SH.XPD.CHEX.PC.CD,,519.1311646,571.1116333,557.902771,612.1538086,596.0717773,639.2401733,662.7189331,711.5620728,691.2073364,606.9046021,720.9244385,713.9985352,749.9437866,735.4927979,822.3922119,784.6453857,812.5109253,785.4710083,849.8334961,801.5438232,875.7009888,923.4072876
Australia,AUS,Current health expenditure per capita (current US$),SH.XPD.CHEX.PC.CD,,1636.528564,1559.821289,1763.695679,2240.746094,2760.830811,3014.104736,3194.030762,3815.336426,4107.012695,4011.932617,4975.470703,5909.149902,6071.650879,5843.173828,6130.998535,5322.971191,5453.924805,5813.61377,5857.288086,5545.910645,5958.765625,7055.368164
Austria,AUT,Current health expenditure per capita (current US$),SH.XPD.CHEX.PC.CD,,2269,2283,2498,3091,3595,3710,3883,4479,5058,4929,4801,5168,4966,5235,5394,4613,4710,4939,5337,5263,5567,6505
Azerbaijan,AZE,Current health expenditure per capita (current US$),SH.XPD.CHEX.PC.CD,,19,19,20,23,27,34,50,74,111,134,152,183,232,249,277,234,168,165,178,197,243,249
Burundi,BDI,Current health expenditure per capita (current US$),SH.XPD.CHEX.PC.CD,,5.82561302,7.70397997,6.6404686,6.02923203,9.11969662,11.43010426,14.48706532,15.68034935,15.07347488,18.82117844,25.12049484,23.81056213,20.57489777,20.8417263,18.59082222,18.2036705,19.16795921,19.77140808,19.27294159,22.95755196,27.07072449,24.26920891
Belgium,BEL,Current health expenditure per capita (current US$),SH.XPD.CHEX.PC.CD,,1849.916016,1879.93457,2084.719971,2814.880615,3312.741211,3405.88501,3545.928223,4064.876465,4653.505859,4638.438965,4531.033691,4930.141113,4704.472656,4954.924316,5080.125,4442.401367,4542.794922,4782.646973,5176.983887,5049.577148,5104.025391,5680.231445
Benin,BEN,Current health expenditure per capita (current US$),SH.XPD.CHEX.PC.CD,,14.88457298,16.79668045,17.4725647,21.76790237,25.34852219,25.97800064,27.52271461,27.74564934,29.14166451,30.67226219,30.38452339,32.9503212,34.21852112,34.83580017,33.67948914,28.41767883,29.34768677,29.22344017,34.44770432,29.37922096,30.64243507,35.12914658
Burkina Faso,BFA,Current health expenditure per capita (current US$),SH.XPD.CHEX.PC.CD,,7.36981916,7.52252769,8.51982498,11.43507481,17.09873199,17.50115776,20.64653969,27.04532623,28.90426254,30.68659401,32.8663559,33.8243866,33.78236771,42.40937042,38.37065506,32.44025803,39.64500427,43.07155609,39.00283813,41.07073212,54.17696762,56.95098114
Bangladesh,BGD,Current health expenditure per capita (current US$),SH.XPD.CHEX.PC.CD,,8.6186285,8.41617775,9.37759209,10.3110857,11.10974789,11.61940002,12.37925339,14.41430759,15.99568462,18.20583725,21.15062714,23.28593445,23.89686203,27.40725899,30.29579544,33.53680038,39.55920792,42.27734375,44.74491119,47.66782379,50.66413116,57.93856812
Bulgaria,BGR,Current health expenditure per capita (current US$),SH.XPD.CHEX.PC.CD,,95,120,148,196,233,268,294,361,456,459,485,556,559,547,605,521,562,625,690,698,857,1040
Bahrain,BHR,Current health expenditure per capita (current US$),SH.XPD.CHEX.PC.CD,,424.9359741,438.6097107,471.5829773,553.0543823,551.8898315,576.9389038,592.3751221,688.1436768,741.8596191,841.4814453,866.3862305,917.6530151,1030.846558,1111.218262,1123.626953,1134.46167,1111.429932,1098.743286,1049.061279,1024.390503,1105.324829,1146.472778
"Bahamas, The",BHS,Current health expenditure per capita (current US$),SH.XPD.CHEX.PC.CD,,945.4403076,990.3112793,1013.735962,1053.420166,1067.91626,1140.251587,1242.348999,1334.717896,1410.821533,1396.727051,1421.590576,1418.508545,1492.449097,1532.229614,1590.949951,1558.798828,1698.390015,2076.141602,1898.81311,1898.856323,1824.875366,1961.677856
Bosnia and Herzegovina,BIH,Current health expenditure per capita (current US$),SH.XPD.CHEX.PC.CD,,106,105,119,168,222,242,282,364,460,410,406,457,444,474,492,430,449,470,528,544,591,692
Belarus,BLR,Current health expenditure per capita (current US$),SH.XPD.CHEX.PC.CD,,56,71,84,106,137,191,216,271,340,281,333,310,355,444,438,353,291,325,342,390,408,468
Belize,BLZ,Current health expenditure per capita (current US$),SH.XPD.CHEX.PC.CD,,138.3638306,163.6450195,173.1264191,175.1849976,176.0459442,180.7223969,195.485611,232.7741699,256.6998291,242.0894318,242.6184082,251.1910248,246.298172,261.2244873,296.2493897,285.8498535,292.991272,281.6338501,287.6029358,298.9605103,279.65802,310.1950073
Bermuda,BMU,Current health expenditure per capita (current US$),SH.XPD.CHEX.PC.CD,,,,,,,,,,,,,,,,,,,,,,,
Bolivia,BOL,Current health expenditure per capita (current US$),SH.XPD.CHEX.PC.CD,,42.95851135,44.91654968,43.48994827,46.37623215,46.29327393,51.6701889,55.93380737,63.45651245,77.74305725,89.26693726,99.99167633,119.2386169,134.630661,159.0892181,178.2088013,194.9240112,205.9224396,212.8791351,229.2254028,239.1754456,246.1977539,272.9592285
Brazil,BRA,Current health expenditure per capita (current US$),SH.XPD.CHEX.PC.CD,,310.6140442,268.6497192,245.6619415,250.3089447,294.3838501,383.5508728,483.9191589,600.6356812,705.1339722,719.4265137,893.7750855,1028.084717,953.703125,977.8168945,1013.56842,782.5229492,795.9379883,937.3428955,863.2817383,850.4328613,704.9953613,761.2677612
Barbados,BRB,Current health expenditure per capita (current US$),SH.XPD.CHEX.PC.CD,,616.3776245,635.9644775,683.3395996,802.8556519,938.1408081,960.3230591,1026.780396,1042.89624,1136.865723,1165.375977,1116.533081,1166.021973,1298.255859,1249.765747,1179.065186,1158.393066,1185.163086,1186.169678,1173.62854,1172.405396,1238.587158,1400.435791
Brunei Darussalam,BRN,Current health expenditure per capita (current US$),SH.XPD.CHEX.PC.CD,,507.3886719,463.8158569,472.2997437,534.1412354,617.5216675,643.3348389,650.2209473,695.6499023,778.060669,729.1307373,788.5003052,860.0778198,867.0618897,834.3091431,785.590271,732.394165,681.9734497,639.9196777,753.8118286,674.6516113,650.4782105,693.4055786
Bhutan,BTN,Current health expenditure per capita (current US$),SH.XPD.CHEX.PC.CD,,31.09416771,35.96975327,35.96072769,37.33245468,46.10057831,46.69151688,54.01427841,64.43791199,57.31074142,59.43021393,71.98933411,77.32337952,83.64318848,85.9859848,86.81033325,96.52057648,97.18308258,103.3909073,101.6993332,115.3208084,133.7031403,120.4311752
Botswana,BWA,Current health expenditure per capita (current US$),SH.XPD.CHEX.PC.CD,,200.9880066,197.2882996,200.3307495,262.0407715,288.9466248,273.5193176,250.7696838,296.5655212,315.2705994,326.9522095,378.646698,415.5810852,405.960083,418.3235169,402.4575806,358.2232056,369.842041,444.5560303,419.6545105,408.8960266,358.9055176,457.4629822
Central African Republic,CAF,Current health expenditure per capita (current US$),SH.XPD.CHEX.PC.CD,,9.8634491,9.26134109,10.61978436,13.00553608,13.72547722,14.66589355,15.91440105,18.94978714,18.67624855,21.82637405,16.40023994,18.9371357,20.60425186,16.78926849,18.02748299,17.71483231,20.25914001,27.64416504,49.17564392,33.9444313,40.11012268,42.92785645
Canada,CAN,Current health expenditure per capita (current US$),SH.XPD.CHEX.PC.CD,,2001.668701,2055.759521,2149.379395,2552.263916,2916.251221,3291.220703,3788.686035,4221.928711,4491.229004,4368.856934,5083.981934,5423.059082,5538.935547,5483.255859,5231.736328,4677.830078,4667.703125,4920.728516,5080.323242,5115.976074,5668.347656,6470.067871
Central Europe and the Baltics,CEB,Current health expenditure per capita (current US$),SH.XPD.CHEX.PC.CD,,221.2241757,252.2954829,298.3156143,373.1844309,447.0153498,523.0055495,580.2969991,729.6652514,927.8453192,842.695269,869.7069331,921.1159899,864.2274372,910.7821199,931.2483852,815.751644,852.6656508,939.0303724,1053.681819,1090.03602,1182.086473,1389.883075
Switzerland,CHE,Current health expenditure per capita (current US$),SH.XPD.CHEX.PC.CD,,3559.819824,3763.384521,4211.729492,5018.527344,5608.703125,5673.939941,5671.981445,6154.703125,7120.652832,7297.379883,7640.449219,9138.367188,8753.820313,9118.189453,9307.96875,9082.450195,9078.758789,9119.969727,9212.432617,9341.0625,10085.45605,10897.4502
Channel Islands,CHI,Current health expenditure per capita (current US$),SH.XPD.CHEX.PC.CD,,,,,,,,,,,,,,,,,,,,,,,
Chile,CHL,Current health expenditure per capita (current US$),SH.XPD.CHEX.PC.CD,,356.7441406,326.9662476,322.8740845,349.7790222,427.4367676,500.8745117,571.8983154,649.9224243,726.7366943,738.284729,870.7095947,994.6660767,1081.460693,1183.62085,1150.061646,1133.279785,1179.733643,1367.716431,1457.272827,1369.484009,1280.632324,1518.040039
China,CHN,Current health expenditure per capita (current US$),SH.XPD.CHEX.PC.CD,,42.99362183,44.56903839,50.15548325,56.79228973,64.54340363,73.29019928,82.79460144,98.87766266,134.2076416,165.2944489,189.3437042,239.7543335,285.31427,329.7810669,363.0093994,393.7799072,398.7892151,440.588501,504.7997437,539.6194458,583.4321899,670.5145874
Cote d'Ivoire,CIV,Current health expenditure per capita (current US$),SH.XPD.CHEX.PC.CD,,54.16062546,54.03316116,57.24786377,64.14105988,67.6804657,62.34985352,60.48682404,64.6838913,75.87518311,72.83110809,71.98825836,72.44979095,74.48454285,71.52493286,79.31149292,62.51667023,66.39353943,68.61872864,70.97071075,73.64801788,85.17427826,81.86914825
Cameroon,CMR,Current health expenditure per capita (current US$),SH.XPD.CHEX.PC.CD,,28.79333305,27.46539497,31.41914558,38.10652161,41.7527771,42.60778809,44.01630783,48.61966705,53.99885559,50.604702,49.50485611,57.71255493,56.3600235,56.61405563,61.80369186,50.31904221,51.2496109,50.27867889,57.7002182,56.18640518,58.0969696,63.78601837
"Congo, Dem. Rep.",COD,Current health expenditure per capita (current US$),SH.XPD.CHEX.PC.CD,,18.20225716,5.65382099,4.34459352,6.27501249,8.14487171,8.88715935,10.77356529,11.98260307,15.89509487,13.18276978,12.53950882,12.27988434,13.62572193,15.86667633,18.79024887,19.13417244,19.91032028,18.74936485,17.87852287,19.85771751,21.25385666,22.32123756
"Congo, Rep.",COG,Current health expenditure per capita (current US$),SH.XPD.CHEX.PC.CD,,17.44675827,20.41893959,17.09034348,21.64731407,27.67554474,31.10122681,36.16910553,42.22277832,63.7890892,48.9272995,54.86231995,59.84463501,71.6878891,72.29035187,71.47676086,57.67850113,54.67388153,52.68054199,47.67589569,58.90272522,80.80835724,80.5149231
Colombia,COL,Current health expenditure per capita (current US$),SH.XPD.CHEX.PC.CD,,134.2844391,138.0286408,131.7609253,129.3396912,159.2083283,209.226471,239.6455536,309.1078186,378.6791382,383.5496216,452.0512085,501.2983093,546.2114868,579.8796387,586.8764038,468.6054382,447.0699463,495.2702637,517.1584473,500.7313843,462.2328186,557.5394898
Comoros,COM,Current health expenditure per capita (current US$),SH.XPD.CHEX.PC.CD,,47.50006104,45.25306702,51.05594635,63.81992722,70.50469971,67.78135681,65.70906067,69.87508392,73.73594666,69.42589569,69.0898819,80.95452881,76.77297974,81.4433136,84.27106476,60.86703491,63.14864731,74.52148438,74.43584442,77.80075073,88.67053223,99.03723907
Cabo Verde,CPV,Current health expenditure per capita (current US$),SH.XPD.CHEX.PC.CD,,58.89910889,62.78510284,68.21862793,83.48031616,92.04717255,94.58552551,111.2813492,125.5742188,125.5351028,127.7991486,142.8777161,152.2834778,167.4928131,181.2954865,181.4419556,139.4853668,144.3252258,165.0376282,178.7783661,171.7717133,196.2696381,247.9079437
Costa Rica,CRI,Current health expenditure per capita (current US$),SH.XPD.CHEX.PC.CD,,247.701889,255.182312,276.2371216,287.3734741,290.1335449,309.5142822,359.7924805,423.6381226,510.9915466,529.6087036,654.1734009,742.1419067,776.4348755,816.8787231,822.9100342,875.3497315,870.7384033,853.7504883,902.2211914,914.8847046,953.0825195,948.9216309
Caribbean small states,CSS,Current health expenditure per capita (current US$),SH.XPD.CHEX.PC.CD,,302.5632482,300.1704493,325.5349738,348.0503924,374.3191529,400.7582164,446.4810433,479.3004321,514.935297,524.504706,535.8646331,547.1076873,580.9278719,592.8297389,600.8281205,611.0652039,604.8911963,660.5517113,668.8674461,706.4858574,691.3220744,725.1890365
Cuba,CUB,Current health expenditure per capita (current US$),SH.XPD.CHEX.PC.CD,,181.1472473,198.5879364,213.9562683,227.6985931,232.5059509,331.9881287,387.4414673,570.3143311,610.0915527,676.2246094,608.9615479,695.9915772,601.4242554,710.793396,864.1555786,985.4190064,984.2486572,980.0921631,973.1374512,1013.101379,1186.156494,
Curacao,CUW,Current health expenditure per capita (current US$),SH.XPD.CHEX.PC.CD,,,,,,,,,,,,,,,,,,,,,,,
Cayman Islands,CYM,Current health expenditure per capita (current US$),SH.XPD.CHEX.PC.CD,,,,,,,,,,,,,,,,,,,,,,,
Cyprus,CYP,Current health expenditure per capita (current US$),SH.XPD.CHEX.PC.CD,,751,782,890,1145,1287,1366,1474,1694,2155,2105,2045,2115,1899,1916,1874,1596,1649,1773,2021,2093,2362,2990
Czechia,CZE,Current health expenditure per capita (current US$),SH.XPD.CHEX.PC.CD,,342.9210815,388.5440369,497.7420349,640.6604004,746.3289185,852.6524658,942.118042,1110.176636,1449.336792,1442.242798,1516.048584,1654.510132,1515.81604,1514.014038,1516.056274,1314.83728,1384.663574,1525.3479,1753.198975,1803.05249,2119.268311,2498.516602
Germany,DEU,Current health expenditure per capita (current US$),SH.XPD.CHEX.PC.CD,,2344.410889,2346.669189,2567.50293,3152.794189,3459.824951,3558.213379,3698.043701,4182.916016,4669.760254,4674.919434,4611.421875,5037.491699,4765.678711,5100.152344,5309.154785,4627.35791,4746.870117,5070.195801,5511.214355,5486.98877,5936.251465,6626.004883
Djibouti,DJI,Current health expenditure per capita (current US$),SH.XPD.CHEX.PC.CD,,35.74236679,33.86995316,39.82229614,46.68310547,40.42881012,45.57660675,53.81796265,55.77771378,56.53337097,57.57979965,56.37421417,62.67469025,65.69985962,61.38714981,66.44046021,80.65351105,69.79541779,65.55883026,64.47797394,62.30675125,62.75099945,87.74766541
Dominica,DMA,Current health expenditure per capita (current US$),SH.XPD.CHEX.PC.CD,,259.646698,231.9836426,227.2182007,243.1025696,253.9832459,263.8952026,271.4978333,293.6182556,336.3532715,354.4477844,370.3132935,388.8713074,408.7749023,387.0828857,394.6729431,398.5212402,421.3217773,404.6090393,484.5222168,442.5115967,420.0245972,482.429657
Denmark,DNK,Current health expenditure per capita (current US$),SH.XPD.CHEX.PC.CD,,2496,2603,2896,3607,4195,4443,4779,5468,6138,6222,6171,6438,6168,6334,6467,5532,5624,5834,6233,6059,6442,7382
Dominican Republic,DOM,Current health expenditure per capita (current US$),SH.XPD.CHEX.PC.CD,,138.9989777,144.1726227,153.8589935,105.3111572,105.8401489,169.9686585,162.9429779,191.2214508,230.5057831,238.2713623,271.2666321,295.194397,305.4364624,303.3797913,313.4575195,322.9460754,329.1087952,337.6092529,327.9010925,346.5079041,354.0936279,416.8997498
Algeria,DZA,Current health expenditure per capita (current US$),SH.XPD.CHEX.PC.CD,,62.11769485,67.33850098,66.94760132,76.23547363,93.02433014,101.3037338,117.433136,151.7792053,207.8488159,208.9350128,230.0639191,288.313324,336.6726685,333.1602783,361.1594238,292.275177,261.400238,265.8384399,266.4646912,235.9904175,206.0351257,204.5666199
East Asia & Pacific (excluding high income),EAP,Current health expenditure per capita (current US$),SH.XPD.CHEX.PC.CD,,38.55623818,39.70814933,44.27127005,50.55607056,56.86732248,65.31063585,74.90199271,89.5763293,117.0530885,139.0796746,161.0246961,201.1456232,234.5235024,265.0631401,288.7381388,308.6512277,313.9166169,344.2002206,390.1529967,416.3588575,447.9977047,515.724729
Early-demographic dividend,EAR,Current health expenditure per capita (current US$),SH.XPD.CHEX.PC.CD,,63.39167933,64.40233306,58.91100889,66.11579125,74.65848269,85.03479917,93.93226107,108.9144939,120.2891118,120.6119425,138.3348718,154.2690324,160.8730666,167.204137,166.5116435,164.8971877,162.8700359,168.3711486,167.3638919,165.9748169,167.2187747,190.7697075
East Asia & Pacific,EAS,Current health expenditure per capita (current US$),SH.XPD.CHEX.PC.CD,,240.5474255,223.4674453,225.0843457,252.5271395,279.1419267,293.2971228,299.0546499,323.1833543,376.1600878,421.6095725,480.0464805,589.6722608,628.5681805,604.7535361,619.2422152,605.8202296,639.3748678,671.9870626,727.4112502,759.5985547,792.7727338,876.0408905
Europe & Central Asia (excluding high income),ECA,Current health expenditure per capita (current US$),SH.XPD.CHEX.PC.CD,,88.35625821,80.79702854,96.73415885,124.9200353,158.5318032,194.7566886,227.9271868,278.6751529,325.1055158,286.4509895,311.9176031,331.2848487,346.9358947,368.2305974,346.4861057,295.225495,290.5573662,290.6137834,285.3766946,300.5844958,317.7226969,377.4655911
Europe & Central Asia,ECS,Current health expenditure per capita (current US$),SH.XPD.CHEX.PC.CD,,937.4938762,965.9467114,1088.077955,1354.46027,1571.348913,1663.69706,1785.711552,2050.024396,2299.122927,2206.81021,2192.755376,2374.375349,2276.96593,2378.017479,2426.12031,2099.721385,2091.541129,2188.058845,2340.778059,2330.077812,2521.784142,2868.789414
Ecuador,ECU,Current health expenditure per capita (current US$),SH.XPD.CHEX.PC.CD,,48.37698364,71.55696869,97.7811203,132.7437592,150.5876923,168.7269745,190.6399536,194.3764343,232.8750153,245.9553986,288.6725464,342.3848877,389.7561035,416.3429565,435.5133057,466.2375183,450.8292542,470.8032837,494.7149048,484.3680725,471.8757629,494.3083801
"Egypt, Arab Rep.",EGY,Current health expenditure per capita (current US$),SH.XPD.CHEX.PC.CD,,71.03570557,70.36794281,65.58682251,51.60063553,51.60012436,60.99180603,68.03048706,75.12869263,92.32979584,101.2181397,107.4189224,118.6961212,142.7594147,142.5976868,158.2058106,173.5194397,145.2776947,107.9884796,120.223259,145.3102875,150.9065552,179.6811981
Euro area,EMU,Current health expenditure per capita (current US$),SH.XPD.CHEX.PC.CD,,1731.767634,1773.853608,1975.289918,2475.410753,2831.398284,2948.506924,3116.707479,3536.615491,3995.238425,3929.319847,3814.889146,4075.642524,3801.611587,3979.128208,4067.477789,3496.661505,3561.533119,3753.006727,4042.977625,3989.301751,4261.994081,4787.3901
Eritrea,ERI,Current health expenditure per capita (current US$),SH.XPD.CHEX.PC.CD,,13.1751833,13.99944115,14.81900692,18.62379265,21.77468681,20.60617447,22.31639481,18.39959717,19.69238472,22.65766335,24.43300056,33.27035522,25.96233749,29.52669525,31.54170799,26.82466125,23.64590836,22.35861588,24.02440262,25.98394394,24.70353127,25.36040497
Spain,ESP,Current health expenditure per capita (current US$),SH.XPD.CHEX.PC.CD,,1005.283997,1045.050659,1174.579346,1640.917725,1924.270874,2060.321533,2242.158691,2606.277832,2995.186035,2937.718262,2789.637207,2908.919678,2590.225342,2629.466797,2679.476563,2349.09375,2376.601074,2524.684814,2741.382568,2716.833496,2899.018799,3234.292969
Estonia,EST,Current health expenditure per capita (current US$),SH.XPD.CHEX.PC.CD,,209.9776917,214.7041779,250.4802094,368.9795532,474.5079651,549.630249,627.1837769,866.4994507,1082.154785,1006.50708,966.1902466,1061.162842,1058.719604,1194.862061,1287.76123,1156.202759,1226.085938,1350.126465,1553.433472,1599.350342,1789.03479,2094.503174
Ethiopia,ETH,Current health expenditure per capita (current US$),SH.XPD.CHEX.PC.CD,,5.31966591,5.54697561,5.19038343,5.76164436,5.79775095,6.55709887,8.53116226,11.78915215,13.22203732,15.36375141,16.40672684,14.83500671,20.28753662,19.53577042,21.90294838,23.53430557,24.67317772,24.51061249,23.84538269,26.22917175,28.69671059,26.47735214
European Union,EUU,Current health expenditure per capita (current US$),SH.XPD.CHEX.PC.CD,,1432.35277,1474.970667,1651.238777,2071.378798,2374.38071,2486.378693,2636.247818,3008.40102,3418.11579,3342.054021,3270.555985,3525.836777,3300.528712,3462.301789,3538.024579,3044.856649,3106.870377,3281.333019,3537.574946,3493.603062,3736.950883,4215.433322
Fragile and conflict affected situations,FCS,Current health expenditure per capita (current US$),SH.XPD.CHEX.PC.CD,,23.0976728,23.3571788,23.23809724,30.25472328,35.2574445,41.07755551,48.7147914,57.69527737,66.88571408,61.63363963,67.12695455,72.62163409,75.65487692,81.29210762,80.31990265,72.16346683,70.27688348,68.75899817,73.33408602,73.4483072,75.18372788,82.12692052
Finland,FIN,Current health expenditure per capita (current US$),SH.XPD.CHEX.PC.CD,,1727,1810,2059,2614,3044,3237,3415,3919,4486,4350,4252,4718,4573,4892,4923,4128,4109,4236,4522,4460,4736,5488
Fiji,FJI,Current health expenditure per capita (current US$),SH.XPD.CHEX.PC.CD,,75.03528595,62.10351181,70.07132721,86.89743042,111.04245,121.2350922,127.4284439,141.433609,135.5037689,121.8430023,128.3963776,141.6560364,154.2161713,159.0212402,178.7059937,169.7298126,176.0686188,185.6439209,249.3664856,253.7433014,231.9827728,250.0255432
France,FRA,Current health expenditure per capita (current US$),SH.XPD.CHEX.PC.CD,,2161.853027,2192.715576,2449.758301,3006.305908,3458.627441,3575.025146,3811.551758,4312.310547,4807.374512,4737.578125,4592.383301,4931.87793,4644.595703,4884.766602,4980.814941,4201.781738,4256.765625,4410.599121,4666.97998,4504.484863,4755.44043,5380.875
Faroe Islands,FRO,Current health expenditure per capita (current US$),SH.XPD.CHEX.PC.CD,,,,,,,,,,,,,,,,,,,,,,,
"Micronesia, Fed. Sts.",FSM,Current health expenditure per capita (current US$),SH.XPD.CHEX.PC.CD,,161.9635925,181.9655304,170.6489563,209.7418518,259.0256958,399.6094055,246.3755188,259.4707947,290.119812,325.8373413,361.8036499,377.4903565,370.9263916,353.2251282,343.0076294,359.7853699,396.6298218,405.3110352,422.4463806,420.5794983,398.5737,393.3493042
Gabon,GAB,Current health expenditure per capita (current US$),SH.XPD.CHEX.PC.CD,,123.3314133,121.066185,132.2174377,166.8882752,182.6139984,190.2720947,212.6139526,254.1988525,271.5098877,283.0296631,207.9378357,262.7745667,226.3252716,262.7824402,234.4215241,188.4241791,208.9052429,193.9759216,211.2257233,208.2883453,228.0245819,233.8710327
United Kingdom,GBR,Current health expenditure per capita (current US$),SH.XPD.CHEX.PC.CD,,2020.52832,2052.34668,2306.128418,2784.539551,3366.341553,3536.322998,3857.485596,4367.535645,4297.475098,3914.195801,3956.388916,4199.083984,4242.234863,4304.478027,4697.760254,4433.858398,4017.342285,3910.814209,4226.205078,4268.677246,4906.239746,5738.484863
Georgia,GEO,Current health expenditure per capita (current US$),SH.XPD.CHEX.PC.CD,,53,57,67,82,107,134,154,199,286,275,290,317,349,358,369,294,321,304,332,309,355,417
Ghana,GHA,Current health expenditure per capita (current US$),SH.XPD.CHEX.PC.CD,,16.27483559,19.207201,19.75684166,23.23123741,25.61305428,39.75449371,45.96789932,54.75652313,61.90890884,61.81399536,71.6121521,95.87026215,83.48946381,104.8143082,78.03632355,77.74266815,64.43041229,74.56986237,82.98774719,93.18772125,87.4445343,100.0009689
Gibraltar,GIB,Current health expenditure per capita (current US$),SH.XPD.CHEX.PC.CD,,,,,,,,,,,,,,,,,,,,,,,
Guinea,GIN,Current health expenditure per capita (current US$),SH.XPD.CHEX.PC.CD,,23.00282097,22.04349136,25.15307426,25.93502045,26.76063919,19.94359016,16.35091019,22.80706406,23.25375366,24.00493431,22.8732872,24.42393684,23.99205208,26.22439003,37.0862999,43.94221497,38.91920853,33.02272034,35.30637741,42.68258667,41.6195488,44.68689728
"Gambia, The",GMB,Current health expenditure per capita (current US$),SH.XPD.CHEX.PC.CD,,46.73692703,38.21402359,36.57312012,28.66201591,32.3373642,33.33732224,33.49129486,35.92889786,39.97063065,34.4699173,32.81699753,30.82727623,29.30704689,25.33724403,17.14346313,19.42744446,20.47114944,21.2003746,22.84936142,22.83255005,26.24802017,24.62883568
Guinea-Bissau,GNB,Current health expenditure per capita (current US$),SH.XPD.CHEX.PC.CD,,13.3205328,14.86868,14.40980339,14.86718845,18.48643875,21.1059761,22.80813217,26.1655159,34.93793869,27.59508705,31.5948391,44.70295334,37.72527695,46.01106644,64.91837311,52.38645935,56.52604294,54.74217224,58.78644943,54.0177002,68.04572296,68.81868744
Equatorial Guinea,GNQ,Current health expenditure per capita (current US$),SH.XPD.CHEX.PC.CD,,18.72773552,27.99723434,75.52088928,87.19217682,104.680542,122.7416306,144.0280304,179.5656128,222.3310089,255.5807343,241.6699982,266.6874695,284.0835266,289.6793518,294.7608948,229.1193543,229.7630615,231.0456543,248.6920013,231.8395386,246.7667389,255.5652466
Greece,GRC,Current health expenditure per capita (current US$),SH.XPD.CHEX.PC.CD,,885.4105225,1004.81543,1168.824097,1566.40979,1782.695923,1935.267578,2052.875488,2426.759521,2840.508545,2809.05957,2564.369385,2338.915039,1948.248535,1832.029663,1700.494385,1481.419678,1513.259155,1509.784546,1603.077881,1569.029053,1675.117065,1845.775635
Grenada,GRD,Current health expenditure per capita (current US$),SH.XPD.CHEX.PC.CD,,259.3835144,271.16745,308.3371582,287.2850647,293.6029053,324.5572205,321.8266296,355.6637268,395.5068054,370.0471497,366.4102783,393.2111206,401.8450623,405.3950195,368.8138428,389.3938294,392.7798157,433.4851379,438.918396,487.6029053,469.0077515,505.4046326
Greenland,GRL,Current health expenditure per capita (current US$),SH.XPD.CHEX.PC.CD,,,,,,,,,,,,,,,,,,,,,,,
Guatemala,GTM,Current health expenditure per capita (current US$),SH.XPD.CHEX.PC.CD,,83.3463974,99.68914795,107.2444,112.980011,121.7346649,131.9634552,148.5431976,158.3769379,175.1161499,168.8553314,174.7947388,190.7144928,200.3355408,198.3376617,216.795044,233.4156647,246.1173096,265.1839905,265.747345,278.5489807,289.1265564,340.9581299
Guam,GUM,Current health expenditure per capita (current US$),SH.XPD.CHEX.PC.CD,,,,,,,,,,,,,,,,,,,,,,,
Guyana,GUY,Current health expenditure per capita (current US$),SH.XPD.CHEX.PC.CD,,62.85141754,60.46850204,65.32598114,68.42656708,74.88806915,85.49252319,98.42082214,125.8489609,138.7843933,150.3843994,162.9921722,186.5948181,202.51857,212.0263519,216.9332428,228.0209503,237.3030548,268.69104,298.9507446,317.6022644,377.8699951,470.5687866
High income,HIC,Current health expenditure per capita (current US$),SH.XPD.CHEX.PC.CD,,2103.117602,2182.233167,2365.677655,2693.386131,2969.760542,3140.387347,3322.914133,3615.139033,3890.05601,3937.118801,4070.05972,4385.186291,4404.926427,4433.310374,4558.419309,4381.379319,4518.896679,4686.017294,4919.762529,5022.114206,5460.624729,5832.722468
"Hong Kong SAR, China",HKG,Current health expenditure per capita (current US$),SH.XPD.CHEX.PC.CD,,,,,,,,,,,,,,,,,,,,,,,
Honduras,HND,Current health expenditure per capita (current US$),SH.XPD.CHEX.PC.CD,,67.67149353,66.35316467,69.90351105,78.74036407,82.34390259,96.74766541,110.8378906,126.1158905,147.416153,158.5394898,163.5370483,180.5815735,182.4237213,175.01651,171.3048096,168.9259338,176.973114,168.3921661,177.6466675,184.0391846,212.6973114,253.918045
Heavily indebted poor countries (HIPC),HPC,Current health expenditure per capita (current US$),SH.XPD.CHEX.PC.CD,,16.9466751,16.23032842,17.18824058,19.70949411,22.51553437,25.6198772,29.60746401,34.20684784,38.64574489,39.18955057,40.5734212,44.53316396,45.18331174,49.03674641,49.49281274,46.9278767,46.38486489,45.94984535,45.76656655,47.04427635,48.01280141,51.8647974
Croatia,HRV,Current health expenditure per capita (current US$),SH.XPD.CHEX.PC.CD,,371,388,386,512,635,727,816,1041,1259,1188,1126,1132,1030,890,909,796,841,903,1025,1040,1095,1384
Haiti,HTI,Current health expenditure per capita (current US$),SH.XPD.CHEX.PC.CD,,30.15130806,27.21361732,22.22666931,18.49892044,23.90322304,25.11820602,28.96251106,37.40650558,40.25810623,41.22427368,55.5110321,76.81674194,74.79749298,59.15798187,64.86157227,68.24273682,59.83052063,53.5790062,62.01782608,49.08563995,44.17983627,57.87849426
Hungary,HUN,Current health expenditure per capita (current US$),SH.XPD.CHEX.PC.CD,,313,360,473,683,798,895,893,1003,1117,944,983,1063,961,991,1006,871,914,985,1080,1054,1173,1382
IBRD only,IBD,Current health expenditure per capita (current US$),SH.XPD.CHEX.PC.CD,,76.04708276,76.97714932,76.06858492,84.85280751,98.67669855,116.3293137,134.2834556,162.4541281,196.0936166,200.0827902,230.8842249,268.2412473,285.5097229,305.6618015,312.5577907,297.6052065,295.8819204,324.4047403,341.9371226,351.9907549,360.6033779,413.5328223
IDA & IBRD total,IBT,Current health expenditure per capita (current US$),SH.XPD.CHEX.PC.CD,,63.41754033,63.91818918,63.07236288,70.68497998,81.8627041,96.19145439,110.926523,133.2769217,159.9090316,162.4755627,186.0193096,214.7691874,227.8761319,244.3768387,249.5876159,237.3588869,235.9339402,256.1484427,268.7862344,275.8428503,281.7793009,321.5307627
IDA total,IDA,Current health expenditure per capita (current US$),SH.XPD.CHEX.PC.CD,,16.86105352,16.41581594,17.26454416,21.12960091,23.80377034,27.54276138,32.35739994,36.45632077,41.38481656,40.87941131,44.2417414,47.97877195,50.43765599,54.91988429,57.18851496,55.44992728,53.73094755,52.71808642,52.24780803,53.55118809,55.14965342,61.37062448
IDA blend,IDB,Current health expenditure per capita (current US$),SH.XPD.CHEX.PC.CD,,19.31212038,18.38267938,18.72322198,26.5428925,29.63858173,35.57912985,43.44923977,47.23574162,52.26307404,47.96585686,53.97551387,58.48859054,63.64497615,69.69534375,73.2285071,69.68414395,64.74407892,62.0918949,60.03823923,60.2449431,62.11690715,72.81964914
Indonesia,IDN,Current health expenditure per capita (current US$),SH.XPD.CHEX.PC.CD,,15.53566933,17.0277462,19.14863396,25.73569489,26.21132469,34.40548706,44.80917358,56.52228165,59.79582214,62.98189545,86.36213684,108.0318604,106.9016342,103.3793182,103.0588379,97.16175842,107.5287094,111.5139618,111.9118729,119.4984436,133.2563477,160.6417694
IDA only,IDX,Current health expenditure per capita (current US$),SH.XPD.CHEX.PC.CD,,15.61404045,15.41066276,16.53827171,18.42972621,20.8915564,23.52925155,26.81656913,31.06600935,35.93298654,37.31850175,39.19935436,42.5256974,43.58605458,47.08475809,48.70748365,47.95060502,47.78483295,47.73038822,48.11392024,50.00807067,51.4700836,55.33622761
Isle of Man,IMN,Current health expenditure per capita (current US$),SH.XPD.CHEX.PC.CD,,,,,,,,,,,,,,,,,,,,,,,
India,IND,Current health expenditure per capita (current US$),SH.XPD.CHEX.PC.CD,,18,20,20,22,25,27,29,36,38,38,45,48,49,56,57,58,60,57,58,61,64,74
Not classified,INX,Current health expenditure per capita (current US$),SH.XPD.CHEX.PC.CD,,,,,,,,,,,,,,,,,,,,,,,
Ireland,IRL,Current health expenditure per capita (current US$),SH.XPD.CHEX.PC.CD,,1564.837402,1823.734741,2200.357422,2910.932129,3483.160645,3938.191162,4147.132324,4858.64502,5638.779297,5502.887695,5133.455078,5545.76416,5210.36377,5313.709473,5316.269531,4575.944824,4726.312988,5010.256348,5187.057617,5462.730957,6098.266602,6764.258789
"Iran, Islamic Rep.",IRN,Current health expenditure per capita (current US$),SH.XPD.CHEX.PC.CD,,80.95653534,94.31704712,105.7044601,116.9039154,142.1769104,173.7969208,197.7808991,245.0089722,297.5087585,364.4345093,436.1362915,518.84021,513.454834,408.3304443,375.284668,384.2598572,447.1392517,466.9943237,478.3919067,378.4741821,338.2497253,392.5414429
Iraq,IRQ,Current health expenditure per capita (current US$),SH.XPD.CHEX.PC.CD,,,,,26.71866798,51.29241562,52.51676941,56.19692612,99.6492157,138.109314,139.0555573,143.5260315,160.8146668,173.4031677,185.7355652,178.0239563,148.3005981,198.706192,195.8237305,231.0033112,239.5789185,245.4804688,248.923111
Iceland,ISL,Current health expenditure per capita (current US$),SH.XPD.CHEX.PC.CD,,2854,2527,3045,3837,4411,5076,4915,5800,4747,3621,3612,3911,3760,4069,4488,4270,5016,5945,6234,5865,5652,6716
Israel,ISR,Current health expenditure per capita (current US$),SH.XPD.CHEX.PC.CD,,1472,1515,1362,1390,1443,1512,1558,1773,2129,2036,2240,2446,2410,2681,2816,2661,2801,3094,3220,3354,3637,4339
Italy,ITA,Current health expenditure per capita (current US$),SH.XPD.CHEX.PC.CD,,1524,1587,1763,2163,2566,2678,2833,3093,3504,3338,3218,3392,3086,3149,3154,2676,2700,2810,3003,2911,3062,3350
Jamaica,JAM,Current health expenditure per capita (current US$),SH.XPD.CHEX.PC.CD,,194.5874023,180.5921783,174.8167267,150.1188965,183.4915619,190.9417572,186.6435547,252.1128388,283.7284241,229.1301422,256.0642395,275.5392456,262.0988159,254.8423462,257.846344,285.59729,286.3452148,324.2245178,333.8786926,343.0619202,324.4832153,372.4513855
Jordan,JOR,Current health expenditure per capita (current US$),SH.XPD.CHEX.PC.CD,,161.2351074,171.8250732,175.384613,172.2494659,186.106369,196.4689789,199.648819,219.4053192,289.9857788,333.8076782,319.841095,338.3460999,342.9404297,320.8673096,306.806427,303.2345276,279.2980652,289.5798035,289.5386047,294.18927,284.5343933,299.0723572
Japan,JPN,Current health expenditure per capita (current US$),SH.XPD.CHEX.PC.CD,,2756,2492,2416,2654,2888,2895,2766,2783,3225,3699,4074,5107,5235,4358,4122,3755,4200,4148,4288,4463,4436,4347
Kazakhstan,KAZ,Current health expenditure per capita (current US$),SH.XPD.CHEX.PC.CD,,50,50,58,74,111,142,174,177,251,246,244,297,369,363,374,314,260,278,273,270,338,403
Kenya,KEN,Current health expenditure per capita (current US$),SH.XPD.CHEX.PC.CD,,21.40411377,22.14061928,22.33303261,25.71190262,27.75096512,31.13827515,41.07886505,50.38684845,55.4166069,55.28591537,58.93074799,57.18780136,64.72195435,67.89151001,73.19489288,71.3065033,74.26567078,66.80448151,75.6592865,86.06783295,86.67868805,94.67254639
Kyrgyz Republic,KGZ,Current health expenditure per capita (current US$),SH.XPD.CHEX.PC.CD,,12,13,15,22,27,35,45,50,63,60,61,79,100,105,95,81,73,78,67,63,64,73
Cambodia,KHM,Current health expenditure per capita (current US$),SH.XPD.CHEX.PC.CD,,19.78130531,22.66413116,24.67282104,25.30601883,29.03012466,32.52131653,33.02656555,30.92131042,49.00638199,55.72327423,54.09758377,66.05435944,69.01600647,72.11994934,73.5883255,72.51950836,78.35865784,79.16844177,93.01556396,114.4853439,112.2142258,122.4164581
Kiribati,KIR,Current health expenditure per capita (current US$),SH.XPD.CHEX.PC.CD,,65,86,93,102,132,132,127,148,191,169,134,143,147,155,156,118,158,179,208,177,239,262
St. Kitts and Nevis,KNA,Current health expenditure per capita (current US$),SH.XPD.CHEX.PC.CD,,444.5689087,438.0617371,462.6293945,480.2297974,488.8283691,553.5333252,684.9520264,703.309021,875.1099243,865.8463745,856.6733398,907.031311,867.3771362,924.614624,947.6332398,1026.508057,1144.535645,1167.661011,1103.173706,1204.340942,1050.643677,1114.374268
"Korea, Rep.",KOR,Current health expenditure per capita (current US$),SH.XPD.CHEX.PC.CD,,475.0293274,500.0801697,531.8900757,633.0939331,708.5794067,887.6956177,1062.198364,1204.763794,1137.209106,1099.13916,1363.560913,1507.556641,1553.328247,1682.763916,1880.442017,1894.347534,2008.098267,2220.564209,2501.139648,2605.993408,2648.224121,3260.44873
Kuwait,KWT,Current health expenditure per capita (current US$),SH.XPD.CHEX.PC.CD,,429.5625305,558.3242798,581.9777222,628.847168,650.5830689,727.7044067,782.6422119,881.1036987,1069.662598,1025.880737,1050.421265,1143.137939,1196.207153,1188.282837,1260.875244,1235.618896,1278.632446,1361.482788,1660.98645,1643.569702,1542.322632,1860.783691
Latin America & Caribbean (excluding high income),LAC,Current health expenditure per capita (current US$),SH.XPD.CHEX.PC.CD,,275.642691,268.5420715,230.1842187,240.9311247,273.0205389,331.1702788,386.5976733,462.5337864,531.5288492,526.1203197,625.2315933,711.2260388,706.2234081,735.5424317,741.0825301,655.883608,623.9496592,704.7540024,664.2132465,648.7263088,584.6452604,637.7783429
Lao PDR,LAO,Current health expenditure per capita (current US$),SH.XPD.CHEX.PC.CD,,14.10407162,14.47130299,12.91643047,17.61871719,16.27066612,17.37983894,19.28023911,24.81284904,26.80659485,35.78236008,34.58347702,27.16216469,32.51623917,43.56784058,45.61304092,52.15144348,54.51382828,61.60005188,57.35622025,67.81835938,52.15844727,68.87698364
Lebanon,LBN,Current health expenditure per capita (current US$),SH.XPD.CHEX.PC.CD,,426.5579224,417.7819214,393.2247925,375.0754089,369.9836426,349.5018616,404.0964966,441.8590393,465.74646,501.0127564,572.420166,647.1702271,595.3667603,583.4765015,576.6546021,578.645813,647.5651856,677.3743897,744.6105957,782.2052002,522.420105,307.1348572
Liberia,LBR,Current health expenditure per capita (current US$),SH.XPD.CHEX.PC.CD,,8.5820322,6.90986061,7.02600765,6.16011524,18.20792198,20.64465714,19.4780159,16.01202202,26.55882072,52.30115128,50.63946533,54.34541321,50.35652542,48.74785614,59.98974228,70.18363953,68.4992981,72.50897217,69.10813904,52.02645493,101.2913055,112.2704468
Libya,LBY,Current health expenditure per capita (current US$),SH.XPD.CHEX.PC.CD,,254.3153076,261.9629517,185.1968536,192.3547516,202.5708923,210.6266785,231.3844299,269.9493408,312.4657288,342.5540161,380.9290161,312.8485413,,,,,,,,,,
St. Lucia,LCA,Current health expenditure per capita (current US$),SH.XPD.CHEX.PC.CD,,284.2585754,284.4153137,299.5059509,317.1377869,309.4220886,333.5027466,390.3429871,440.2225952,430.8215637,432.548584,438.1661987,462.8668213,454.5605774,481.9177246,462.7443848,464.5744324,470.3751831,492.8301086,484.1549988,491.4067993,574.3797607,584.6704712
Latin America & Caribbean,LCN,Current health expenditure per capita (current US$),SH.XPD.CHEX.PC.CD,,281.4395756,273.6354728,235.6893352,246.5402058,279.9178388,338.1086328,393.8739693,469.9851572,539.9528327,535.5850281,635.7491382,723.0914605,722.1256656,754.8300927,759.8048746,678.2960929,650.2161485,734.8991419,674.9370691,657.6646639,597.9605585,656.2994328
Least developed countries: UN classification,LDC,Current health expenditure per capita (current US$),SH.XPD.CHEX.PC.CD,,11.64748026,11.69390785,12.73703639,14.64072187,17.18753222,19.44568495,22.83575476,26.96175689,31.65830262,32.55752332,33.45145097,36.89814259,38.6157678,42.37548285,44.41347473,43.21608971,42.72146123,43.04570501,42.03248406,43.04704664,43.95882348,47.12790362
Low income,LIC,Current health expenditure per capita (current US$),SH.XPD.CHEX.PC.CD,,14.25353687,12.92108922,13.9503321,15.72367102,18.23905001,21.04740784,24.83049636,29.96695908,34.07408446,35.04338749,35.55024912,36.44003036,36.81899466,39.15024235,40.86819808,38.83629122,36.84033766,34.7203417,32.53224238,33.36981966,35.33947904,36.50028656
Liechtenstein,LIE,Current health expenditure per capita (current US$),SH.XPD.CHEX.PC.CD,,,,,,,,,,,,,,,,,,,,,,,
Sri Lanka,LKA,Current health expenditure per capita (current US$),SH.XPD.CHEX.PC.CD,,44,41,43,42,51,57,65,73,92,99,106,116,111,135,135,147,149,146,159,160,158,166
Lower middle income,LMC,Current health expenditure per capita (current US$),SH.XPD.CHEX.PC.CD,,22.49458839,23.61541702,23.66673469,26.52154314,29.72228247,33.39963825,37.62143865,44.05711366,49.44851481,49.89150192,56.28435217,61.51556289,65.00884708,71.10161294,73.3700101,73.59733472,73.27225537,71.26191915,72.92900467,76.6750687,78.84273533,90.24569445
Low & middle income,LMY,Current health expenditure per capita (current US$),SH.XPD.CHEX.PC.CD,,59.30676367,58.89712343,57.26398283,64.06089564,73.53413561,85.86210678,98.32137923,117.1403263,138.5067216,145.2131237,167.5510267,194.024062,205.9214859,221.1037708,228.4719497,223.2127128,222.1314412,238.8039689,250.5014848,257.0576555,260.7397803,294.4743997
Lesotho,LSO,Current health expenditure per capita (current US$),SH.XPD.CHEX.PC.CD,,23.77390099,28.24092102,23.1813736,31.89407539,40.89277649,41.15412903,48.88100433,64.80230713,68.08209991,79.68589783,87.4557724,117.3472366,124.8553085,130.4420776,120.4721375,104.4047089,90.88587189,115.2077866,130.5711365,130.4407349,96.7264328,114.7088165
Late-demographic dividend,LTE,Current health expenditure per capita (current US$),SH.XPD.CHEX.PC.CD,,88.48213694,89.31051375,94.92395901,105.9541795,124.5038296,149.288826,176.6580993,217.7953901,275.342549,286.7766732,327.0571829,387.5289642,415.6257454,454.9451286,477.3470251,449.5103928,453.400424,508.3503888,552.4184976,578.3725993,600.9629583,688.2974463
Lithuania,LTU,Current health expenditure per capita (current US$),SH.XPD.CHEX.PC.CD,,217,219,254,339,367,439,536,704,937,865,805,925,897,959,1021,920,989,1083,1249,1370,1520,1859
Luxembourg,LUX,Current health expenditure per capita (current US$),SH.XPD.CHEX.PC.CD,,2901,3109,3601,4607,5610,5818,6071,6671,7579,7671,7460,7175,6029,6357,6547,5422,5475,5713,6227,6222,6786,7636
Latvia,LVA,Current health expenditure per capita (current US$),SH.XPD.CHEX.PC.CD,,182,205,237,281,393,441,552,775,914,745,689,765,746,807,857,776,875,933,1101,1183,1313,1898
"Macao SAR, China",MAC,Current health expenditure per capita (current US$),SH.XPD.CHEX.PC.CD,,,,,,,,,,,,,,,,,,,,,,,
St. Martin (French part),MAF,Current health expenditure per capita (current US$),SH.XPD.CHEX.PC.CD,,,,,,,,,,,,,,,,,,,,,,,
Morocco,MAR,Current health expenditure per capita (current US$),SH.XPD.CHEX.PC.CD,,54.38904953,56.32826996,63.35457993,77.51076508,90.9294281,96.96191406,110.0026016,131.6695862,153.1000519,165.4444428,168.3771057,179.0485382,172.0593872,179.734848,188.4002075,162.5098114,161.8278351,166.4662323,175.2760315,177.245575,193.102356,221.1148529
Monaco,MCO,Current health expenditure per capita (current US$),SH.XPD.CHEX.PC.CD,,2967.42627,3048.089844,3363.354492,4830.655762,5683.699219,5888.787598,6149.097168,7028.4375,8300.90625,8147.868164,8013.045898,8302.916992,7871.212402,8460.787109,8682.369141,7347.916992,7189.657715,7219.591797,7848.356445,7730.603516,7812.287598,8634.259766
Moldova,MDA,Current health expenditure per capita (current US$),SH.XPD.CHEX.PC.CD,,21,25,34,38,65,79,100,135,186,209,198,215,224,232,231,186,171,244,276,284,307,410
Madagascar,MDG,Current health expenditure per capita (current US$),SH.XPD.CHEX.PC.CD,,11.3951807,13.39314079,15.31476879,17.98666191,14.57165813,16.26181221,16.76423645,19.71751213,21.33732986,19.96823883,21.57974052,23.37224197,19.71853828,19.75903702,23.07670021,22.81040573,24.77560616,24.17928314,21.67276382,15.88729572,17.21605492,17.64008904
Maldives,MDV,Current health expenditure per capita (current US$),SH.XPD.CHEX.PC.CD,,219,229,249,240,304,334,403,477,774,678,608,587,646,671,702,823,993,933,805,852,826,1039
Middle East & North Africa,MEA,Current health expenditure per capita (current US$),SH.XPD.CHEX.PC.CD,,144.1492295,150.7430579,149.3918365,145.8852452,160.7834359,179.8296641,201.0703556,235.0477712,279.4484132,304.4579305,331.0734006,379.0139571,399.7359172,418.3751927,439.3000853,421.9023952,465.4873519,471.8890582,495.4031301,484.2904154,489.6113579,537.0598462
Mexico,MEX,Current health expenditure per capita (current US$),SH.XPD.CHEX.PC.CD,,321.801239,366.9807129,388.0279236,414.0400085,448.0602112,485.6738892,516.0639648,560.4942627,576.7153931,496.8142395,539.2655029,570.7304688,587.8284302,631.213501,615.1031494,558.1651001,492.8739929,514.8897095,530.6478272,552.7042236,538.5175171,610.6453247
Marshall Islands,MHL,Current health expenditure per capita (current US$),SH.XPD.CHEX.PC.CD,,370.7370911,332.2007752,311.0274353,306.8759155,381.622345,509.7106628,532.6616211,445.5842896,429.4437256,406.9477234,417.3013611,424.9150696,452.0671387,485.2216797,476.7737427,571.2527466,654.5699463,646.2920532,736.7741699,782.2356567,707.4797974,766.9440918
Middle income,MIC,Current health expenditure per capita (current US$),SH.XPD.CHEX.PC.CD,,62.60466209,62.31058514,60.72778281,67.97319747,78.08286714,91.28345188,104.5832781,124.7072243,147.7311787,155.1151638,179.5883403,208.6360859,221.8664659,237.7488561,245.9336939,240.6714457,238.9978413,258.1202576,271.4941612,278.995698,283.2695468,320.8149078
North Macedonia,MKD,Current health expenditure per capita (current US$),SH.XPD.CHEX.PC.CD,,164,151,174,215,232,231,244,263,311,294,302,326,307,346,339,303,323,345,387,421,453,560
Mali,MLI,Current health expenditure per capita (current US$),SH.XPD.CHEX.PC.CD,,14.40365124,13.53196239,16.34092712,19.29068756,22.3169117,24.62482452,27.65656662,30.42856026,34.10325623,35.57579422,32.20446396,32.52751923,28.26848984,30.89883041,36.67969894,29.7465477,28.3053112,29.23488998,31.96352005,32.17400742,28.85294724,40.1202507
Malta,MLT,Current health expenditure per capita (current US$),SH.XPD.CHEX.PC.CD,,647,686,831,1074,1224,1380,1474,1596,1751,1677,1734,1960,1899,2121,2456,2243,2321,2552,2754,2944,3135,3642
Myanmar,MMR,Current health expenditure per capita (current US$),SH.XPD.CHEX.PC.CD,,4,5,7,7,7,8,8,10,15,19,20,27,37,37,54,63,59,59,60,62,72,65
Middle East & North Africa (excluding high income),MNA,Current health expenditure per capita (current US$),SH.XPD.CHEX.PC.CD,,79.03321229,83.74526975,84.85610207,81.82757953,94.06969167,105.6415705,118.3456762,143.9060669,176.2479011,196.6117963,218.5916336,247.7863151,256.1980977,246.2596705,246.1723762,236.724193,261.6462055,255.7200927,267.9055475,247.8152046,234.2747029,257.3886557
Montenegro,MNE,Current health expenditure per capita (current US$),SH.XPD.CHEX.PC.CD,,,,,,,,,,,,,572,536,596,579,577,596,612,727,732,866,985
Mongolia,MNG,Current health expenditure per capita (current US$),SH.XPD.CHEX.PC.CD,,26.41833878,25.91971779,29.04701042,26.00562286,32.62977219,37.02750015,49.59525681,66.23542023,97.28814697,76.66015625,99.48032379,136.0482483,169.8409576,180.8419952,177.3183441,165.8491516,169.039856,160.9210815,188.8626556,197.5519562,188.5712433,315.5798035
Northern Mariana Islands,MNP,Current health expenditure per capita (current US$),SH.XPD.CHEX.PC.CD,,,,,,,,,,,,,,,,,,,,,,,
Mozambique,MOZ,Current health expenditure per capita (current US$),SH.XPD.CHEX.PC.CD,,6.96425152,8.52990627,9.95218277,11.15465164,14.22916508,18.49229622,18.09505653,19.3034668,24.26328468,27.63411713,26.17583847,30.28253746,35.03115845,41.17826843,43.08488846,39.91206741,31.38208961,36.26471329,40.8117218,40.41284943,34.37060928,44.52215576
Mauritania,MRT,Current health expenditure per capita (current US$),SH.XPD.CHEX.PC.CD,,22.3067379,22.58142662,25.20564651,28.68665123,30.64061928,33.17791367,34.37842178,39.64344025,48.52267838,44.13393021,43.3949852,47.4840889,49.02023697,55.34606934,59.37288666,57.40904617,48.89683914,54.19649506,55.62037659,60.7460022,63.2988472,89.28845215
Mauritius,MUS,Current health expenditure per capita (current US$),SH.XPD.CHEX.PC.CD,,115.9647522,116.4113083,132.3985138,157.6535187,184.6575165,192.0113678,203.0832825,229.0391083,312.6282654,301.4615173,357.0010986,385.7719116,387.2303772,440.102356,544.3952637,515.3724365,539.5122681,594.6273193,641.5615234,670.973999,569.434021,564.9007568
Malawi,MWI,Current health expenditure per capita (current US$),SH.XPD.CHEX.PC.CD,,8.91786003,7.48628187,11.26511002,12.41096115,16.05879211,17.35436821,21.07893753,25.1716423,32.93960953,35.80582047,34.2412796,39.60096741,32.80570221,39.87806702,35.64556885,35.27587891,34.32816696,37.93450165,36.97562408,41.78248596,42.5414238,46.55551147
Malaysia,MYS,Current health expenditure per capita (current US$),SH.XPD.CHEX.PC.CD,,111.9489365,114.839119,121.4125824,141.8682098,153.3985138,161.6295776,199.8557739,229.7582092,262.7799988,244.8389282,285.0263977,343.198761,371.7933044,382.191864,415.6535339,370.7195435,353.6402893,370.7184448,416.3200073,427.4628601,414.963501,487.0088196
North America,NAC,Current health expenditure per capita (current US$),SH.XPD.CHEX.PC.CD,,4285.459344,4603.832079,4994.339693,5398.147429,5739.826569,6097.953695,6484.907614,6845.951895,7065.953945,7283.252689,7560.76013,7763.640722,8001.971828,8138.932141,8468.273667,8791.052761,9104.027874,9399.397409,9750.76703,10088.65177,11131.73329,11439.89894
Namibia,NAM,Current health expenditure per capita (current US$),SH.XPD.CHEX.PC.CD,,200.0525818,185.717926,173.6911469,257.4116211,347.8963623,375.3916016,410.3216248,465.0815735,413.3742981,386.2019653,522.1591187,569.1429443,557.5895996,495.1951294,466.1987915,495.6297913,430.2160645,475.5820313,472.9901428,432.1457825,378.4246826,456.4360046
New Caledonia,NCL,Current health expenditure per capita (current US$),SH.XPD.CHEX.PC.CD,,,,,,,,,,,,,,,,,,,,,,,
Niger,NER,Current health expenditure per capita (current US$),SH.XPD.CHEX.PC.CD,,8.95671749,9.59174156,10.75085354,12.44939899,13.95743465,18.53794861,19.78735733,20.83684349,24.71139526,24.40502357,23.33815765,24.68768311,22.56604767,24.43749619,24.89271736,25.72568893,22.42886543,28.69141388,30.08619118,31.21994209,34.85019302,34.34204865
Nigeria,NGA,Current health expenditure per capita (current US$),SH.XPD.CHEX.PC.CD,,17.65198708,18.48871803,18.06385422,39.0772438,44.16435242,53.92662048,65.7237854,69.15039063,80.09986115,68.00685883,75.58924866,83.10647583,91.06047821,100.817009,106.1196442,96.28328705,78.23602295,72.77430725,65.70272064,69.68148041,69.76184845,83.84061432
Nicaragua,NIC,Current health expenditure per capita (current US$),SH.XPD.CHEX.PC.CD,,52.24892807,56.52495956,56.94697189,60.82196045,65.1476593,72.13689423,77.76139832,92.0919342,107.0682602,110.5292206,115.3239517,122.5347595,130.779007,137.0984192,152.6446991,161.2770081,167.3703613,177.1500092,168.4451294,161.9863434,161.1998138,198.0779266
Netherlands,NLD,Current health expenditure per capita (current US$),SH.XPD.CHEX.PC.CD,,2028,2176,2545,3244,3689,3823,4080,4696,5382,5283,5192,5562,5285,5533,5602,4677,4644,4935,5331,5341,5858,6539
Norway,NOR,Current health expenditure per capita (current US$),SH.XPD.CHEX.PC.CD,,2949,3099,3890,4633,5097,5585,5893,6896,7768,7302,7860,8900,8970,9241,9118,7566,7497,7816,8272,8007,7825,9163
Nepal,NPL,Current health expenditure per capita (current US$),SH.XPD.CHEX.PC.CD,,8,10,10,11,13,14,14,17,19,21,30,34,34,35,42,47,47,49,50,53,58,65
Nauru,NRU,Current health expenditure per capita (current US$),SH.XPD.CHEX.PC.CD,,454.4360962,341.1864929,291.1162109,266.0600586,210.4930725,320.3678894,354.2486267,572.7260132,791.199707,563.1657715,614.1340942,659.4338989,859.048645,818.1156006,746.3569946,959.4884644,957.2859497,1092.876343,1175.686768,1158.770874,1318.165039,1529.519165
New Zealand,NZL,Current health expenditure per capita (current US$),SH.XPD.CHEX.PC.CD,,1054.912109,1054.328003,1250.928955,1611.790405,1983.187012,2296.607666,2305.146484,2706.799561,2851.119141,2713.814209,3233.778564,3656.730713,3856.173096,4014.974609,4192.743652,3600.956299,3739.401367,3903.68042,3957.86084,4085.788086,4223.22168,4906.070801
OECD members,OED,Current health expenditure per capita (current US$),SH.XPD.CHEX.PC.CD,,2150.966257,2223.82626,2403.968724,2728.381332,3000.095293,3163.527917,3336.685663,3621.684959,3879.874422,3924.547221,4054.779071,4350.218357,4356.937316,4376.550817,4495.359289,4330.852835,4457.84877,4604.108158,4820.207574,4909.410378,5312.755462,5653.095123
Oman,OMN,Current health expenditure per capita (current US$),SH.XPD.CHEX.PC.CD,,254.9428406,252.546814,266.526001,282.2885742,298.4816284,319.7104492,335.8521118,391.7960815,462.2916565,507.6517639,558.3665772,540.3850708,562.9465942,590.3643799,725.4089966,765.7853394,713.3201904,703.9379883,639.3248901,728.2548218,855.2967529,852.6234131
Other small states,OSS,Current health expenditure per capita (current US$),SH.XPD.CHEX.PC.CD,,323.3329545,324.4021708,369.3530205,429.1115999,492.9231105,544.610249,573.4282693,673.1510566,748.649141,705.4633547,711.212391,750.9429731,734.0225227,779.8521633,815.2301663,758.8004254,795.7936334,858.6417779,921.9773497,932.4666563,982.6384991,1142.713953
Pakistan,PAK,Current health expenditure per capita (current US$),SH.XPD.CHEX.PC.CD,,15.1975832,13.20521545,14.74764633,14.1153574,15.29145527,19.3823719,24.65777779,26.51110458,24.8097496,23.66425133,24.20984077,25.67299652,26.2887764,28.99807739,33.04523849,35.0121994,37.59899521,43.41279984,41.40914154,37.22461319,38.17708206,43.09069443
Panama,PAN,Current health expenditure per capita (current US$),SH.XPD.CHEX.PC.CD,,301.5256348,297.5767212,309.4125366,304.239563,345.2409058,323.750824,371.3395081,472.8953857,507.5638428,551.5872803,608.2467041,665.8464966,725.8637695,806.5855103,920.0765991,982.7939453,1057.406616,1127.688965,1228.073364,1340.137817,1358.090698,1415.244995
Peru,PER,Current health expenditure per capita (current US$),SH.XPD.CHEX.PC.CD,,83.4623642,89.19979858,97.49507904,97.19953156,105.008255,123.0508881,135.8708801,158.1654358,190.8487701,208.3919373,240.2576141,262.9674072,307.3185425,320.3164978,331.7809143,310.266449,311.4351807,333.1157532,363.4248352,366.5649109,388.4873047,412.2085571
Philippines,PHL,Current health expenditure per capita (current US$),SH.XPD.CHEX.PC.CD,,33,28,27,32,34,47,55,65,77,79,91,98,112,122,109,116,120,122,126,142,166,203
Palau,PLW,Current health expenditure per capita (current US$),SH.XPD.CHEX.PC.CD,,656.8114624,625.2060547,658.4937134,698.8324585,827.0947876,871.5688477,931.168396,992.5022583,979.430481,1007.31189,1153.060669,1161.530396,1377.391357,1520.320557,1675.826172,1809.500122,1977.638306,2036.630859,2072.97583,2102.074707,2058.661621,2045.297485
Papua New Guinea,PNG,Current health expenditure per capita (current US$),SH.XPD.CHEX.PC.CD,,18.93960762,18.29377747,20.66277122,22.10498047,25.87848282,27.65415382,30.21553993,33.38858795,34.91187286,36.77980042,39.60604477,52.84900284,70.75683594,77.2843399,89.70458221,45.50782776,54.36591339,55.63466263,59.45320129,60.31322479,56.30739212,61.41452789
Poland,POL,Current health expenditure per capita (current US$),SH.XPD.CHEX.PC.CD,,238,283,316,339,392,466,524,661,893,760,809,866,815,878,911,804,816,910,979,1014,1026,1159
Pre-demographic dividend,PRE,Current health expenditure per capita (current US$),SH.XPD.CHEX.PC.CD,,17.19779962,17.22892249,18.13946207,25.39542867,30.42310492,34.71812163,41.22787817,47.80849581,56.35170014,53.08088217,54.6685374,59.81714008,62.70154443,69.18861358,70.55554783,63.39364845,61.04014273,58.86358105,57.71067725,59.35218678,59.80583313,65.45491331
Puerto Rico,PRI,Current health expenditure per capita (current US$),SH.XPD.CHEX.PC.CD,,,,,,,,,,,,,,,,,,,,,,,
"Korea, Dem. People's Rep.",PRK,Current health expenditure per capita (current US$),SH.XPD.CHEX.PC.CD,,,,,,,,,,,,,,,,,,,,,,,
Portugal,PRT,Current health expenditure per capita (current US$),SH.XPD.CHEX.PC.CD,,995,1016,1139,1443,1724,1814,1858,2113,2392,2347,2259,2256,1980,2031,2060,1791,1875,1998,2216,2222,2346,2747
Paraguay,PRY,Current health expenditure per capita (current US$),SH.XPD.CHEX.PC.CD,,104.0227356,91.42378998,64.76425171,70.50261688,87.64266968,94.68041992,121.7975082,160.3656006,219.6679535,216.5890198,257.0585632,336.1187439,367.1484985,390.2868652,439.344696,392.2241821,384.4470215,405.5336609,421.0862732,415.888794,410.887146,478.7082825
West Bank and Gaza,PSE,Current health expenditure per capita (current US$),SH.XPD.CHEX.PC.CD,,,,,,,,,,,,,,,,,,,,,,,
Pacific island small states,PSS,Current health expenditure per capita (current US$),SH.XPD.CHEX.PC.CD,,85.08785226,81.75597085,89.63645161,95.36908344,118.0471896,140.0182234,138.5665178,145.7827629,148.0526812,143.3872329,148.3488847,163.1084396,173.3372006,179.1517854,187.6443216,181.4589095,187.9520735,193.4357757,219.6093833,227.4443243,223.0199455,236.261909
Post-demographic dividend,PST,Current health expenditure per capita (current US$),SH.XPD.CHEX.PC.CD,,2475.65475,2564.896393,2780.402546,3165.109626,3483.104399,3672.657812,3877.165433,4204.45263,4501.222718,4579.515158,4733.24185,5092.67667,5109.927474,5129.951457,5285.134101,5115.988655,5284.127027,5463.577401,5737.311541,5857.928678,6370.478841,6835.89685
French Polynesia,PYF,Current health expenditure per capita (current US$),SH.XPD.CHEX.PC.CD,,,,,,,,,,,,,,,,,,,,,,,
Qatar,QAT,Current health expenditure per capita (current US$),SH.XPD.CHEX.PC.CD,,552.274231,597.9369507,667.0024414,1109.725708,1254.14209,1347.960571,1321.562744,1276.881836,1277.082397,1305.490356,1306.525513,1487.852173,1713.980347,2027.014404,2256.388672,2435.445068,2075.419189,1908.396606,1962.58374,2012.225708,1997.788208,1934.0802
Romania,ROU,Current health expenditure per capita (current US$),SH.XPD.CHEX.PC.CD,,70,79,97,144,191,255,291,415,521,449,472,427,402,495,503,442,476,555,687,739,810,963
Russian Federation,RUS,Current health expenditure per capita (current US$),SH.XPD.CHEX.PC.CD,,95,118,140,164,209,272,353,462,610,516,567,684,759,809,740,499,465,580,609,654,771,936
Rwanda,RWA,Current health expenditure per capita (current US$),SH.XPD.CHEX.PC.CD,,9.1193943,7.92787647,7.34832239,17.29731369,20.29362106,25.10174942,27.24308205,33.58434677,40.0471344,44.08419418,48.02530289,51.65081787,57.216465,47.7094574,50.62351608,48.80509567,50.70415497,48.34190369,51.54394531,51.18757629,57.91234207,60.2185936
South Asia,SAS,Current health expenditure per capita (current US$),SH.XPD.CHEX.PC.CD,,17.03592799,18.31075612,18.5758512,20.10117418,22.77267819,24.93286234,27.2796594,33.15345324,35.05192577,35.27628356,41.10894722,43.9882202,44.81510575,51.04741286,52.71638161,54.23543233,56.66043565,55.44345051,56.38839286,58.50368405,61.27246934,70.17662495
Saudi Arabia,SAU,Current health expenditure per capita (current US$),SH.XPD.CHEX.PC.CD,,370.4207459,371.9894714,356.1383972,370.9237976,391.911438,459.8913879,536.687439,560.9076538,562.8531494,646.3370361,655.1174316,826.3400269,959.8308106,1059.094238,1230.845337,1198.336304,1243.941772,1261.165283,1291.128662,1279.690796,1355.716553,1441.998779
Sudan,SDN,Current health expenditure per capita (current US$),SH.XPD.CHEX.PC.CD,,14.61430931,15.85929585,17.47236824,23.6236248,30.63433456,38.71856689,57.64347458,84.978302,85.98817444,83.10632324,76.49365234,83.55038452,79.18972778,102.3559113,93.15203094,98.24565125,93.67060852,71.14331818,35.53091431,35.51281357,23.34439278,21.58010864
Senegal,SEN,Current health expenditure per capita (current US$),SH.XPD.CHEX.PC.CD,,21.99825287,24.10787964,27.20366478,36.11049652,43.03009415,36.86376953,39.08563995,41.32680893,49.78118515,50.8613205,51.81986618,58.30465698,56.95115662,61.02893066,62.2051239,54.20389557,54.93520355,57.67406845,65.77828217,65.75260925,76.77999878,71.22032928
Singapore,SGP,Current health expenditure per capita (current US$),SH.XPD.CHEX.PC.CD,,792.4259644,689.1474609,744.0791626,833.3543701,848.5818481,892.4286499,972.1957398,1100.993164,1278.492188,1316.834961,1487.379028,1670.382202,1824.979248,2069.367432,2188.335205,2279.01709,2450.901367,2599.300049,2641.506348,2826.01001,3367.756592,3969.890869
Solomon Islands,SLB,Current health expenditure per capita (current US$),SH.XPD.CHEX.PC.CD,,47.13489151,61.4104805,77.6619339,54.08104324,65.09461212,89.11562347,87.39896393,88.28649902,74.60315704,92.104599,73.04418945,95.24793243,101.7683563,101.106247,109.27742,94.91165924,96.68874359,94.76846313,92.47520447,103.7242889,106.6113815,106.345871
Sierra Leone,SLE,Current health expenditure per capita (current US$),SH.XPD.CHEX.PC.CD,,17.18489456,18.7846756,22.93144798,21.89597321,22.70127487,26.26749039,29.28122711,30.97717667,36.24853897,37.96392822,36.55500031,47.91463089,50.08378601,81.8790741,138.2906494,114.1648254,81.37689209,45.5368042,43.07834244,46.25284195,46.01692963,43.1619873
El Salvador,SLV,Current health expenditure per capita (current US$),SH.XPD.CHEX.PC.CD,,155.1314545,161.7615204,166.1277618,170.7858276,184.8800507,223.9718475,230.5007629,238.6346588,251.8334198,255.381424,268.6670837,293.3677063,298.7254028,321.8266296,312.8674622,329.4425049,337.2749023,335.7371216,345.0518189,377.0255737,354.4869995,442.2137451
San Marino,SMR,Current health expenditure per capita (current US$),SH.XPD.CHEX.PC.CD,,,2186.570313,2214.669922,2440.293701,2868.361328,2958.655273,3132.234619,3672.22583,4235.848145,4110.07666,3695.150391,4504.630859,4353.614746,4154.929688,4161.486816,3564.852539,3656.284912,3706.970459,4012.654053,3854.095215,3842.773926,4131.941895
Somalia,SOM,Current health expenditure per capita (current US$),SH.XPD.CHEX.PC.CD,,,,,,,,,,,,,,,,,,,,,,,
Serbia,SRB,Current health expenditure per capita (current US$),SH.XPD.CHEX.PC.CD,,56.47926331,112.198082,173.2633972,230.0886536,274.4553223,307.5470581,371.5060425,547.2272339,671.8870239,575.262146,545.3338013,618.8942261,559.9053955,627.53302,608.8585815,491.25177,486.4294434,515.8458862,617.086792,641.0296631,670.194397,919.1679077
Sub-Saharan Africa (excluding high income),SSA,Current health expenditure per capita (current US$),SH.XPD.CHEX.PC.CD,,33.41471586,30.80701776,29.63774314,43.50512753,52.15438969,58.46114975,64.9897796,71.95056454,76.79234881,76.57862775,86.59911546,94.31927237,93.44877744,95.31674191,92.70862354,84.54966659,77.78629135,79.60465569,79.12385402,78.34566348,74.51017137,84.29330341
South Sudan,SSD,Current health expenditure per capita (current US$),SH.XPD.CHEX.PC.CD,,,,,,,,,,,,,,,,,,,27.0063858,30.23945427,34.9889183,47.67607498,32.67995834
Sub-Saharan Africa,SSF,Current health expenditure per capita (current US$),SH.XPD.CHEX.PC.CD,,33.4550796,30.85037217,29.67946147,43.55090282,52.204265,58.51077326,65.03987273,71.99194958,76.82643278,76.60549779,86.63948628,94.35793085,93.49812055,95.36388972,92.7618346,84.60089432,77.84790315,79.66468655,79.18724914,78.40671641,74.57151761,84.34737887
Small states,SST,Current health expenditure per capita (current US$),SH.XPD.CHEX.PC.CD,,284.1742372,283.9915006,319.7478612,368.4192352,420.0416088,463.4662521,491.3887293,567.1867559,626.3132333,597.9017315,604.7028775,640.1671952,635.0921536,670.2606339,697.9159344,659.1174506,685.4007855,739.8430317,789.6762708,804.155291,836.4395597,956.4325313
Sao Tome and Principe,STP,Current health expenditure per capita (current US$),SH.XPD.CHEX.PC.CD,,56.13910675,53.05221176,57.02854919,78.68141174,79.00400543,89.38618469,66.81880188,69.87314606,77.46207428,76.35579681,74.38393402,84.74559784,86.12266541,124.0971375,118.9305573,84.50744629,109.2252121,116.4938812,108.2802429,106.2677612,158.9619141,186.1039734
Suriname,SUR,Current health expenditure per capita (current US$),SH.XPD.CHEX.PC.CD,,166.0800934,91.58084106,158.4947662,167.7593689,213.9029083,243.1322479,315.470398,310.9735107,336.3182068,382.5604858,402.4092407,378.1517334,409.3456421,438.4119263,445.3576355,517.3849487,341.9154663,325.3764954,450.1607971,611.9544678,464.2226563,298.9328003
Slovak Republic,SVK,Current health expenditure per capita (current US$),SH.XPD.CHEX.PC.CD,,204,212,254,344,512,601,729,1029,1252,1320,1297,1352,1319,1370,1289,1109,1176,1189,1300,1342,1394,1685
Slovenia,SVN,Current health expenditure per capita (current US$),SH.XPD.CHEX.PC.CD,,797,826,945,1203,1369,1449,1542,1796,2179,2125,2017,2148,1975,2055,2062,1776,1835,1925,2170,2219,2417,2775
Sweden,SWE,Current health expenditure per capita (current US$),SH.XPD.CHEX.PC.CD,,2173,2156,2459,3110,3488,3548,3765,4310,4628,4136,4416,6351,6254,6697,6606,5599,5681,5838,6005,5653,6003,6901
Eswatini,SWZ,Current health expenditure per capita (current US$),SH.XPD.CHEX.PC.CD,,77.74626923,76.11361694,75.27822876,132.3904419,177.115921,218.7069702,238.984375,253.8012543,267.7253723,282.3049011,346.7011719,369.3705444,343.8296814,306.5707703,285.0514221,252.6778259,227.801651,267.0704651,266.4542236,274.9450989,222.5315857,279.9143066
Sint Maarten (Dutch part),SXM,Current health expenditure per capita (current US$),SH.XPD.CHEX.PC.CD,,,,,,,,,,,,,,,,,,,,,,,
Seychelles,SYC,Current health expenditure per capita (current US$),SH.XPD.CHEX.PC.CD,,354.0827942,384.1398621,368.2814026,429.4544067,485.7181702,499.6239319,513.2019653,450.6143799,390.2976379,329.6634522,472.4790344,484.1811523,599.8197022,583.3835449,650.0936279,623.9987793,735.5704346,736.6546021,784.7324219,769.7479858,781.5196533,718.4900513
Syrian Arab Republic,SYR,Current health expenditure per capita (current US$),SH.XPD.CHEX.PC.CD,,54.56182098,58.60890198,63.64098358,60.61154175,60.79922104,62.79922867,64.36579895,72.40921021,83.15718079,87.92034149,88.68951416,74.85932159,63.13696671,,,,,,,,,
Turks and Caicos Islands,TCA,Current health expenditure per capita (current US$),SH.XPD.CHEX.PC.CD,,,,,,,,,,,,,,,,,,,,,,,
Chad,TCD,Current health expenditure per capita (current US$),SH.XPD.CHEX.PC.CD,,10.38308048,12.00212383,18.5837326,18.59137535,28.63477135,32.28604889,34.9785614,35.18187714,38.15471268,36.02885056,36.498703,38.68487549,37.49700546,39.97917175,43.6758728,35.03440857,33.10380936,31.06099701,32.30886459,31.30481529,35.72977829,35.63117981
East Asia & Pacific (IDA & IBRD countries),TEA,Current health expenditure per capita (current US$),SH.XPD.CHEX.PC.CD,,38.56544811,39.71629069,44.27934701,50.56427526,56.87643124,65.32057904,74.91241641,89.5881311,117.0652882,139.0903896,161.0365411,201.156968,234.5371801,265.0773213,288.7529166,308.6680148,313.9347556,344.2191628,390.1720545,416.3777018,448.0166774,515.7439182
Europe & Central Asia (IDA & IBRD countries),TEC,Current health expenditure per capita (current US$),SH.XPD.CHEX.PC.CD,,105.8975954,114.8754278,134.4490627,162.9524964,203.5690561,253.7558653,305.242647,388.0425165,488.9154382,422.1250854,456.2084955,507.3279887,532.669273,567.2917457,537.3003439,418.1720512,407.802325,456.7512152,475.8373942,502.5745903,554.5205042,659.3181452
Togo,TGO,Current health expenditure per capita (current US$),SH.XPD.CHEX.PC.CD,,11.22799778,11.21350384,12.65094852,15.46995354,16.90148544,17.79439926,18.60928154,22.96606827,27.6753788,29.0416832,31.36204338,35.2552681,36.26974869,40.56192398,43.02396011,37.41205215,51.94157028,52.88779449,53.81824493,50.15758133,54.17138672,54.14671707
Thailand,THA,Current health expenditure per capita (current US$),SH.XPD.CHEX.PC.CD,,62.15243912,57.19501495,69.73505402,76.2408905,83.09568024,90.88136292,103.6475601,125.625824,149.7132263,150.3565521,169.3820038,192.5660706,202.520874,208.6084442,214.5243378,219.9191132,230.6077423,247.9945374,275.6711121,289.1782837,305.0879211,364.3696899
Tajikistan,TJK,Current health expenditure per capita (current US$),SH.XPD.CHEX.PC.CD,,6,8,8,11,15,17,20,29,41,39,42,49,57,68,74,64,56,58,60,62,70,73
Turkmenistan,TKM,Current health expenditure per capita (current US$),SH.XPD.CHEX.PC.CD,,75.74879456,121.8975067,130.0096741,204.3362274,311.5487366,335.8794556,363.3126526,273.2519531,247.2456665,187.767273,214.1880188,267.0141907,307.661377,363.1092224,422.5318909,390.9945068,408.1997681,461.3667908,457.069458,488.6238403,483.7955933,565.2592773
Latin America & the Caribbean (IDA & IBRD countries),TLA,Current health expenditure per capita (current US$),SH.XPD.CHEX.PC.CD,,283.3060029,274.8642999,235.6547563,246.4163205,280.4335289,337.6998904,393.4381591,467.2502364,537.8742966,532.0495349,635.7658781,723.1702247,724.0487093,755.1831651,757.1584067,671.6387831,642.9835018,729.2578257,668.7363965,650.4805849,586.7067507,655.4667561
Timor-Leste,TLS,Current health expenditure per capita (current US$),SH.XPD.CHEX.PC.CD,,,,,15.0262661,19.86405373,25.16798592,27.39763641,30.08575439,43.2732811,49.87024689,52.4311409,64.27597809,71.29358673,102.5452957,92.87577057,101.4206314,92.97782898,86.74957275,78.94738007,79.26290131,120.8697434,134.9980011
Middle East & North Africa (IDA & IBRD countries),TMN,Current health expenditure per capita (current US$),SH.XPD.CHEX.PC.CD,,79.03321229,83.74526975,84.85610207,81.82757953,94.06969167,105.6415705,118.3456762,143.9060669,176.2479011,196.6117963,218.5916336,247.7863151,256.1980977,246.2596705,246.1723762,236.724193,261.6462055,255.7200927,267.9055475,247.8152046,234.2747029,257.3886557
Tonga,TON,Current health expenditure per capita (current US$),SH.XPD.CHEX.PC.CD,,53.43399048,55.31956482,62.69612503,68.08676147,102.7355728,108.3314667,149.3160706,134.6738434,191.0229187,117.4822693,166.6062164,155.8877106,207.0079651,163.8098145,202.6357727,169.9488831,191.9367218,212.5710297,219.2879334,229.9441071,246.840271,279.2460327
South Asia (IDA & IBRD),TSA,Current health expenditure per capita (current US$),SH.XPD.CHEX.PC.CD,,17.03592799,18.31075612,18.5758512,20.10117418,22.77267819,24.93286234,27.2796594,33.15345324,35.05192577,35.27628356,41.10894722,43.9882202,44.81510575,51.04741286,52.71638161,54.23543233,56.66043565,55.44345051,56.38839286,58.50368405,61.27246934,70.17662495
Sub-Saharan Africa (IDA & IBRD countries),TSS,Current health expenditure per capita (current US$),SH.XPD.CHEX.PC.CD,,33.4550796,30.85037217,29.67946147,43.55090282,52.204265,58.51077326,65.03987273,71.99194958,76.82643278,76.60549779,86.63948628,94.35793085,93.49812055,95.36388972,92.7618346,84.60089432,77.84790315,79.66468655,79.18724914,78.40671641,74.57151761,84.34737887
Trinidad and Tobago,TTO,Current health expenditure per capita (current US$),SH.XPD.CHEX.PC.CD,,263.6797485,270.0798035,321.0062256,354.6638489,426.3678284,523.7509155,561.199585,657.9640503,740.3667603,764.3539429,811.3280029,857.5723267,878.4552612,951.9816284,990.2513428,1039.057495,1041.016235,1058.943115,1055.903564,1071.89624,1045.729004,1125.397339
Tunisia,TUN,Current health expenditure per capita (current US$),SH.XPD.CHEX.PC.CD,,109.5732346,112.5737076,123.1268616,147.1495972,165.2270203,167.6730957,176.4864807,199.6681366,227.5287628,228.4881897,237.9020844,267.0809937,266.3058472,280.6422119,283.7175293,246.107544,237.1728363,220.8087006,212.394165,209.5261231,246.5980835,265.4648438
Turkiye,TUR,Current health expenditure per capita (current US$),SH.XPD.CHEX.PC.CD,,197,152,184,236,296,361,412,506,564,494,533,526,520,547,520,447,460,437,388,397,395,441
Tuvalu,TUV,Current health expenditure per capita (current US$),SH.XPD.CHEX.PC.CD,,349.9498291,268.1976013,217.8283386,289.5688477,230.171051,244.1253967,294.7955627,294.8903503,314.0023193,330.9241028,476.2854919,516.6014404,492.8399353,507.157196,522.539978,457.8132629,714.2407837,1014.10553,820.4006958,1109.266479,879.4911499,1070.95752
Tanzania,TZA,Current health expenditure per capita (current US$),SH.XPD.CHEX.PC.CD,,12.25793076,15.08091736,16.92565536,20.26038742,23.29498863,27.53238869,35.36390686,35.99416351,36.01263428,33.38547516,36.89682007,37.43364334,41.63511276,43.09357452,39.47782898,32.90985107,36.26340103,38.65550995,40.83135605,39.5618248,31.39298439,37.15989685
Uganda,UGA,Current health expenditure per capita (current US$),SH.XPD.CHEX.PC.CD,,16.41194344,15.98436737,15.7368412,14.2323103,18.61294365,25.88375473,31.62604523,36.13018799,40.08214951,44.42161942,51.96447372,55.3051796,55.14218903,53.0015564,51.04053879,40.15630341,39.13254166,31.47759247,32.99159622,33.40487289,36.87842941,43.44807434
Ukraine,UKR,Current health expenditure per capita (current US$),SH.XPD.CHEX.PC.CD,,35,45,53,69,85,116,148,186,216,169,203,244,276,281,213,158,157,187,221,247,270,368
Upper middle income,UMC,Current health expenditure per capita (current US$),SH.XPD.CHEX.PC.CD,,98.60929554,97.40849772,94.69479283,105.9419624,122.8128419,145.320884,167.6728489,201.4119965,242.0128737,256.9014529,300.5432084,354.1445887,378.4748869,405.2990361,420.6648198,410.9751429,409.0958194,451.2286556,478.1554061,491.1284074,499.4336879,567.852066
Uruguay,URY,Current health expenditure per capita (current US$),SH.XPD.CHEX.PC.CD,,693.6792603,673.9299316,432.8007507,380.1933899,372.4612732,441.0013428,495.7160034,572.524353,803.4422607,817.642273,1032.657959,1232.046265,1332.751221,1500.727173,1480.019897,1410.321533,1454.547119,1655.832397,1697.014526,1677.0979,1427.140259,1620.326416
United States,USA,Current health expenditure per capita (current US$),SH.XPD.CHEX.PC.CD,,4533.826172,4881.20752,5304.52002,5708.551758,6047.818359,6404.186035,6779.227539,7132.446777,7347.45459,7602.745605,7833.044922,8021.593262,8274.37207,8433.698242,8828.476563,9248.93457,9599.890625,9902.818359,10280.52637,10658.39746,11758.4248,12012.24121
Uzbekistan,UZB,Current health expenditure per capita (current US$),SH.XPD.CHEX.PC.CD,,35,30,24,25,28,32,38,46,61,71,92,109,127,140,118,132,129,93,82,99,121,157
St. Vincent and the Grenadines,VCT,Current health expenditure per capita (current US$),SH.XPD.CHEX.PC.CD,,149.5702057,162.7335968,175.3211517,178.1896515,188.8163147,198.3499756,210.9427643,245.8889008,257.7953186,266.2264404,283.5976868,277.7983704,300.5845642,301.9335632,301.0755615,303.9425354,314.8049011,338.2626953,357.3264771,369.3736267,402.059845,448.3102112
"Venezuela, RB",VEN,Current health expenditure per capita (current US$),SH.XPD.CHEX.PC.CD,,,,,,,,,,,,,,,,,,,,165.3209534,113.2855072,152.7583008,160.0984039
British Virgin Islands,VGB,Current health expenditure per capita (current US$),SH.XPD.CHEX.PC.CD,,,,,,,,,,,,,,,,,,,,,,,
Virgin Islands (U.S.),VIR,Current health expenditure per capita (current US$),SH.XPD.CHEX.PC.CD,,,,,,,,,,,,,,,,,,,,,,,
Viet Nam,VNM,Current health expenditure per capita (current US$),SH.XPD.CHEX.PC.CD,,20.57923889,24.96311378,21.37000656,24.29984856,31.21098709,38.00711441,45.87312698,53.68240356,64.11656189,69.80870819,85.4039917,97.18331909,109.5506668,104.4619141,120.0268784,122.2721329,134.4454804,149.3087921,164.236496,173.6494904,154.2351074,172.5529785
Vanuatu,VUT,Current health expenditure per capita (current US$),SH.XPD.CHEX.PC.CD,,46.8312645,44.34126282,50.72472382,53.21016693,60.82519913,59.98478699,65.47128296,70.28305054,79.23954773,80.40415955,96.36509705,110.2756882,114.3826065,126.3875351,104.3391724,114.2602081,80.8219223,83.77519226,102.075119,101.974411,116.5592575,133.1509247
World,WLD,Current health expenditure per capita (current US$),SH.XPD.CHEX.PC.CD,,476.6687311,488.8235198,519.3182528,583.8874214,641.7802648,680.8605562,722.5432642,790.6730177,857.2209585,867.5733599,904.7691857,979.3171801,987.7303741,1002.384406,1026.081445,984.059145,1006.46506,1043.941623,1086.59818,1104.439825,1179.650267,1265.624726
Samoa,WSM,Current health expenditure per capita (current US$),SH.XPD.CHEX.PC.CD,,59.69736862,55.38201141,71.57524872,81.08128357,103.4133148,120.1828232,132.2424927,146.5087891,155.5196533,170.9687195,183.8677216,210.1192322,195.3987427,245.2074585,245.9445648,238.0906982,235.7302094,218.3733673,198.3481598,240.101059,252.8403473,263.8859558
Kosovo,XKX,Current health expenditure per capita (current US$),SH.XPD.CHEX.PC.CD,,,,,,,,,,,,,,,,,,,,,,,
"Yemen, Rep.",YEM,Current health expenditure per capita (current US$),SH.XPD.CHEX.PC.CD,,24.13679314,25.45506668,26.28294373,33.58860016,36.898983,40.90756226,48.03204346,55.67542648,66.46580505,62.60401154,64.44327545,61.27024841,70.12895966,74.30075836,75.41601563,63.30020905,,,,,,
South Africa,ZAF,Current health expenditure per capita (current US$),SH.XPD.CHEX.PC.CD,,237.8283234,204.2581482,180.861557,288.3763123,365.5348816,404.3996887,422.1888428,460.0228882,446.9043579,492.9426575,628.1286011,694.1005859,654.2546997,602.6763916,547.8344116,499.3633423,463.344635,536.7772217,570.0977783,551.4352417,492.2072449,583.6710815
Zambia,ZMB,Current health expenditure per capita (current US$),SH.XPD.CHEX.PC.CD,,15.19319344,19.4038105,23.50069427,27.11714554,30.49891281,45.59496307,59.4561615,51.91783524,62.25917435,59.36890793,58.39817047,65.0934906,69.96878815,84.19036102,66.04714203,57.92047501,55.87984467,71.52032471,70.36667633,85.64040375,60.4353447,75.3394928
Zimbabwe,ZWE,Current health expenditure per capita (current US$),SH.XPD.CHEX.PC.CD,,,,,,,,,,,,98.24945831,87.49465179,89.26095581,100.1369324,114.4442978,105.0980301,106.1896973,92.25428772,114.6329498,54.80850601,50.67650986,62.73724365
